SNP,effect_allele.exposure,other_allele.exposure,effect_allele.outcome,other_allele.outcome,beta.exposure,beta.outcome,eaf.exposure,eaf.outcome,remove,palindromic,ambiguous,id.outcome,chr,pos,se.outcome,samplesize.outcome,pval.outcome,outcome,originalname.outcome,outcome.deprecated,mr_keep.outcome,data_source.outcome,id.exposure,chr.exposure,pos.exposure,se.exposure,pval.exposure,samplesize.exposure,exposure,mr_keep.exposure,pval_origin.exposure,data_source.exposure,action,SNP_index,mr_keep,F_stat
rs12960505,T,G,T,G,0.0204274,-0.0081,0.560233,,FALSE,FALSE,FALSE,ebi-a-GCST006061,18,50972182,0.0072,537409,0.2636,ebi-a-GCST006061,Atrial fibrillation,Atrial fibrillation ||  || ,TRUE,igd,ukb-b-243,18,50972182,0.00421636,1.29999e-06,64949,Sugar added to coffee,TRUE,reported,igd,2,1,TRUE,23.4720389454718
rs138283867,C,A,C,A,-0.084228,-0.0035,0.014694,,FALSE,FALSE,FALSE,ebi-a-GCST006061,6,5491089,0.0388,537409,0.9278,ebi-a-GCST006061,Atrial fibrillation,Atrial fibrillation ||  || ,TRUE,igd,ukb-b-243,6,5491089,0.0182164,3.79997e-06,64949,Sugar added to coffee,TRUE,reported,igd,2,1,TRUE,21.3790237045861
rs139641027,T,C,T,C,0.117893,-0.0407,0.008307,,FALSE,FALSE,FALSE,ebi-a-GCST006061,6,62008555,0.0729,537409,0.5772,ebi-a-GCST006061,Atrial fibrillation,Atrial fibrillation ||  || ,TRUE,igd,ukb-b-243,6,62008555,0.0257451,4.70002e-06,64949,Sugar added to coffee,TRUE,reported,igd,2,1,TRUE,20.969441921678
rs184983795,T,C,T,C,0.135967,0.0088,0.007359,,FALSE,FALSE,FALSE,ebi-a-GCST006061,4,42046464,0.0631,537409,0.8886,ebi-a-GCST006061,Atrial fibrillation,Atrial fibrillation ||  || ,TRUE,igd,ukb-b-243,4,42046464,0.02702,4.90004e-07,64949,Sugar added to coffee,TRUE,reported,igd,2,1,TRUE,25.3219030246532
rs1963970,T,C,T,C,-0.0228634,0.0111,0.304793,,FALSE,FALSE,FALSE,ebi-a-GCST006061,3,164277096,0.0081,537409,0.1685,ebi-a-GCST006061,Atrial fibrillation,Atrial fibrillation ||  || ,TRUE,igd,ukb-b-243,3,164277096,0.00465645,9.09997e-07,64949,Sugar added to coffee,TRUE,reported,igd,2,1,TRUE,24.1085861045238
rs220549,C,T,C,T,0.0197606,-0.0012,0.577045,,FALSE,FALSE,FALSE,ebi-a-GCST006061,12,13937320,0.0074,537409,0.8745,ebi-a-GCST006061,Atrial fibrillation,Atrial fibrillation ||  || ,TRUE,igd,ukb-b-243,12,13937320,0.00423833,3.09999e-06,64949,Sugar added to coffee,TRUE,reported,igd,2,1,TRUE,21.7375561983796
rs2527164,T,G,T,G,0.0212786,0.0065,0.689642,,FALSE,FALSE,FALSE,ebi-a-GCST006061,8,5534049,0.0077,537409,0.4026,ebi-a-GCST006061,Atrial fibrillation,Atrial fibrillation ||  || ,TRUE,igd,ukb-b-243,8,5534049,0.00460115,3.79997e-06,64949,Sugar added to coffee,TRUE,reported,igd,2,1,TRUE,21.3871698213024
rs2726248,G,T,G,T,-0.0203204,3e-04,0.374857,,FALSE,FALSE,FALSE,ebi-a-GCST006061,18,37169033,0.0074,537409,0.9702,ebi-a-GCST006061,Atrial fibrillation,Atrial fibrillation ||  || ,TRUE,igd,ukb-b-243,18,37169033,0.00437883,3.50002e-06,64949,Sugar added to coffee,TRUE,reported,igd,2,1,TRUE,21.5351715435817
rs3814494,T,G,T,G,0.0658769,0.0071,0.026903,,FALSE,FALSE,FALSE,ebi-a-GCST006061,9,132021187,0.022,537409,0.745799,ebi-a-GCST006061,Atrial fibrillation,Atrial fibrillation ||  || ,TRUE,igd,ukb-b-243,9,132021187,0.0134712,1e-06,64949,Sugar added to coffee,TRUE,reported,igd,2,1,TRUE,23.9140834546334
rs56094641,G,A,G,A,-0.0212891,0.0235,0.40577,,FALSE,FALSE,FALSE,ebi-a-GCST006061,16,53806453,0.0073,537409,0.00132401,ebi-a-GCST006061,Atrial fibrillation,Atrial fibrillation ||  || ,TRUE,igd,ukb-b-243,16,53806453,0.00427352,6.29999e-07,64949,Sugar added to coffee,TRUE,reported,igd,2,1,TRUE,24.8166480936543
rs5762702,A,C,A,C,-0.0253847,-0.0063,0.172481,,FALSE,FALSE,FALSE,ebi-a-GCST006061,22,28982943,0.0092,537409,0.4882,ebi-a-GCST006061,Atrial fibrillation,Atrial fibrillation ||  || ,TRUE,igd,ukb-b-243,22,28982943,0.00552949,4.39997e-06,64949,Sugar added to coffee,TRUE,reported,igd,2,1,TRUE,21.0753073319245
rs750257,G,T,G,T,0.0234516,-0.0046,0.219603,,FALSE,FALSE,FALSE,ebi-a-GCST006061,5,132576442,0.0086,537409,0.5945,ebi-a-GCST006061,Atrial fibrillation,Atrial fibrillation ||  || ,TRUE,igd,ukb-b-243,5,132576442,0.00508269,3.89996e-06,64949,Sugar added to coffee,TRUE,reported,igd,2,1,TRUE,21.2891200765104
rs794402,G,T,G,T,-0.0203782,0.0139,0.488291,,FALSE,FALSE,FALSE,ebi-a-GCST006061,1,75292359,0.0072,537409,0.0533998,ebi-a-GCST006061,Atrial fibrillation,Atrial fibrillation ||  || ,TRUE,igd,ukb-b-243,1,75292359,0.00419804,1.2e-06,64949,Sugar added to coffee,TRUE,reported,igd,2,1,TRUE,23.5634293094604
rs7995210,G,A,G,A,-0.0330486,0.0093,0.89607,,FALSE,FALSE,FALSE,ebi-a-GCST006061,13,83479703,0.0112,537409,0.4065,ebi-a-GCST006061,Atrial fibrillation,Atrial fibrillation ||  || ,TRUE,igd,ukb-b-243,13,83479703,0.00690328,1.7e-06,64949,Sugar added to coffee,TRUE,reported,igd,2,1,TRUE,22.9189731356544
rs807827,G,A,G,A,0.0307991,-0.0066,0.133719,,FALSE,FALSE,FALSE,ebi-a-GCST006061,6,21272431,0.0103,537409,0.5222,ebi-a-GCST006061,Atrial fibrillation,Atrial fibrillation ||  || ,TRUE,igd,ukb-b-243,6,21272431,0.00623734,7.90005e-07,64949,Sugar added to coffee,TRUE,reported,igd,2,1,TRUE,24.3824428667649
