SNP,effect_allele.exposure,other_allele.exposure,effect_allele.outcome,other_allele.outcome,beta.exposure,beta.outcome,eaf.exposure,eaf.outcome,remove,palindromic,ambiguous,id.outcome,chr,pos,se.outcome,samplesize.outcome,pval.outcome,outcome,originalname.outcome,outcome.deprecated,mr_keep.outcome,data_source.outcome,proxy.outcome,target_snp.outcome,proxy_snp.outcome,target_a1.outcome,target_a2.outcome,proxy_a1.outcome,proxy_a2.outcome,id.exposure,chr.exposure,pos.exposure,se.exposure,pval.exposure,samplesize.exposure,exposure,mr_keep.exposure,pval_origin.exposure,data_source.exposure,action,SNP_index,mr_keep,F_stat
rs10888677,C,T,C,T,-0.0271246,-0.0303,0.624812,0.5927,FALSE,FALSE,FALSE,finn-b-I9_AF,1,50505653,0.0151,,0.04489,finn-b-I9_AF,Atrial fibrillation and flutter,Atrial fibrillation and flutter ||  || ,TRUE,igd,,,,,,,,ukb-b-19703,1,50505653,0.00544935,6.4e-07,64949,Low-calorie drink intake ASB,TRUE,reported,igd,2,1,TRUE,24.7763472809521
rs115443481,A,G,A,G,0.105888,0.0309,0.014488,0.009258,FALSE,FALSE,FALSE,finn-b-I9_AF,3,106119201,0.0764,,0.686,finn-b-I9_AF,Atrial fibrillation and flutter,Atrial fibrillation and flutter ||  || ,TRUE,igd,,,,,,,,ukb-b-19703,3,106119201,0.0231061,4.60002e-06,64949,Low-calorie drink intake ASB,TRUE,reported,igd,2,1,TRUE,21.00101058404
rs117446805,A,C,A,C,-0.0661252,0.0075,0.035169,0.02184,FALSE,FALSE,FALSE,finn-b-I9_AF,9,28129844,0.0503,,0.8809,finn-b-I9_AF,Atrial fibrillation and flutter,Atrial fibrillation and flutter ||  || ,TRUE,igd,,,,,,,,ukb-b-19703,9,28129844,0.0143819,4.30002e-06,64949,Low-calorie drink intake ASB,TRUE,reported,igd,2,1,TRUE,21.1398288938389
rs13429737,A,T,A,T,0.0792286,0.0282,0.030985,0.02661,FALSE,TRUE,FALSE,finn-b-I9_AF,2,104025271,0.0457,,0.5381,finn-b-I9_AF,Atrial fibrillation and flutter,Atrial fibrillation and flutter ||  || ,TRUE,igd,,,,,,,,ukb-b-19703,2,104025271,0.0152721,2.1e-07,64949,Low-calorie drink intake ASB,TRUE,reported,igd,2,1,TRUE,26.9132685818346
rs144590220,A,C,A,C,0.179405,0.4579,0.006398,0.0004985,FALSE,FALSE,FALSE,finn-b-I9_AF,10,13677129,0.3332,,0.1693,finn-b-I9_AF,Atrial fibrillation and flutter,Atrial fibrillation and flutter ||  || ,TRUE,igd,,,,,,,,ukb-b-19703,10,13677129,0.0337649,1.09999e-07,64949,Low-calorie drink intake ASB,TRUE,reported,igd,2,1,TRUE,28.2317727533103
rs148107287,T,C,T,C,-0.0884052,-0.0338,0.022187,0.01064,FALSE,FALSE,FALSE,finn-b-I9_AF,8,68851682,0.0756,,0.6544,finn-b-I9_AF,Atrial fibrillation and flutter,Atrial fibrillation and flutter ||  || ,TRUE,igd,,,,,,,,ukb-b-19703,8,68851682,0.0183668,1.5e-06,64949,Low-calorie drink intake ASB,TRUE,reported,igd,2,1,TRUE,23.1680044644176
rs188090736,T,C,T,C,0.142568,-0.0063,0.009398,0.03641,FALSE,FALSE,FALSE,finn-b-I9_AF,16,73067154,0.0403,,0.8748,finn-b-I9_AF,Atrial fibrillation and flutter,Atrial fibrillation and flutter ||  || ,TRUE,igd,,,,,,,,ukb-b-19703,16,73067154,0.0292838,1.09999e-06,64949,Low-calorie drink intake ASB,TRUE,reported,igd,2,1,TRUE,23.7022322994475
rs2213882,T,C,T,C,-0.0246298,0.0067,0.590752,0.5727,FALSE,FALSE,FALSE,finn-b-I9_AF,22,25611881,0.015,,0.6561,finn-b-I9_AF,Atrial fibrillation and flutter,Atrial fibrillation and flutter ||  || ,TRUE,igd,,,,,,,,ukb-b-19703,22,25611881,0.00538686,4.79999e-06,64949,Low-calorie drink intake ASB,TRUE,reported,igd,2,1,TRUE,20.9050106467808
rs2250684,C,T,C,T,-0.0364919,-0.0062,0.166194,0.1744,FALSE,FALSE,FALSE,finn-b-I9_AF,6,88538494,0.0201,,0.756401,finn-b-I9_AF,Atrial fibrillation and flutter,Atrial fibrillation and flutter ||  || ,TRUE,igd,,,,,,,,ukb-b-19703,6,88538494,0.00753189,1.29999e-06,64949,Low-calorie drink intake ASB,TRUE,reported,igd,2,1,TRUE,23.4738872772002
rs28531860,G,A,G,A,-0.0251514,0.011,0.360583,0.3497,FALSE,FALSE,FALSE,finn-b-I9_AF,12,123917593,0.0157,,0.4855,finn-b-I9_AF,Atrial fibrillation and flutter,Atrial fibrillation and flutter ||  || ,TRUE,igd,,,,,,,,ukb-b-19703,12,123917593,0.00550057,4.79999e-06,64949,Low-calorie drink intake ASB,TRUE,reported,igd,2,1,TRUE,20.9078288621514
rs4835377,G,A,G,A,-0.0330719,0.0054,0.841291,0.7784,FALSE,FALSE,FALSE,finn-b-I9_AF,4,148039045,0.018,,0.763099,finn-b-I9_AF,Atrial fibrillation and flutter,Atrial fibrillation and flutter ||  || ,TRUE,igd,,,,,,,,ukb-b-19703,4,148039045,0.00723255,4.79999e-06,64949,Low-calorie drink intake ASB,TRUE,reported,igd,2,1,TRUE,20.9091030398575
rs55848565,T,A,T,A,0.0285597,0.0211,0.267417,0.2366,FALSE,TRUE,FALSE,finn-b-I9_AF,18,28531192,0.0175,,0.2279,finn-b-I9_AF,Atrial fibrillation and flutter,Atrial fibrillation and flutter ||  || ,TRUE,igd,,,,,,,,ukb-b-19703,18,28531192,0.00601752,2.1e-06,64949,Low-calorie drink intake ASB,TRUE,reported,igd,2,1,TRUE,22.5253837012531
rs61729097,A,G,A,G,0.105583,-0.0947,0.016427,0.008085,FALSE,FALSE,FALSE,finn-b-I9_AF,22,23991515,0.0844,,0.262,finn-b-I9_AF,Atrial fibrillation and flutter,Atrial fibrillation and flutter ||  || ,TRUE,igd,,,,,,,,ukb-b-19703,22,23991515,0.0218585,1.40001e-06,64949,Low-calorie drink intake ASB,TRUE,reported,igd,2,1,TRUE,23.3317483473392
rs6441226,C,A,C,A,0.0407839,-0.0099,0.096576,0.1331,FALSE,FALSE,FALSE,finn-b-I9_AF,3,158526223,0.0218,,0.6494,finn-b-I9_AF,Atrial fibrillation and flutter,Atrial fibrillation and flutter ||  || ,TRUE,igd,,,,,,,,ukb-b-19703,3,158526223,0.00892729,4.90004e-06,64949,Low-calorie drink intake ASB,TRUE,reported,igd,2,1,TRUE,20.8707579185475
rs73523164,C,T,C,T,0.0487383,0.027,0.074644,0.08359,FALSE,FALSE,FALSE,finn-b-I9_AF,9,111948240,0.0267,,0.313,finn-b-I9_AF,Atrial fibrillation and flutter,Atrial fibrillation and flutter ||  || ,TRUE,igd,TRUE,rs73523164,rs10979735,C,T,C,T,ukb-b-19703,9,111948153,0.0100931,1.40001e-06,64949,Low-calorie drink intake ASB,TRUE,reported,igd,2,1,TRUE,23.3180162908525
rs75242511,T,C,T,C,0.0786912,-0.0402,0.026684,0.035,FALSE,FALSE,FALSE,finn-b-I9_AF,6,165957569,0.0407,,0.324,finn-b-I9_AF,Atrial fibrillation and flutter,Atrial fibrillation and flutter ||  || ,TRUE,igd,,,,,,,,ukb-b-19703,6,165957569,0.0167609,2.69998e-06,64949,Low-calorie drink intake ASB,TRUE,reported,igd,2,1,TRUE,22.0423384404838
rs76698704,T,G,T,G,0.12618,-0.0523,0.009764,0.03903,FALSE,FALSE,FALSE,finn-b-I9_AF,9,29244916,0.0383,,0.1721,finn-b-I9_AF,Atrial fibrillation and flutter,Atrial fibrillation and flutter ||  || ,TRUE,igd,,,,,,,,ukb-b-19703,9,29244916,0.0275886,4.79999e-06,64949,Low-calorie drink intake ASB,TRUE,reported,igd,2,1,TRUE,20.9180752571476
rs890797,T,C,T,C,-0.0569153,-0.0079,0.943997,0.9586,FALSE,FALSE,FALSE,finn-b-I9_AF,5,153550877,0.0372,,0.8314,finn-b-I9_AF,Atrial fibrillation and flutter,Atrial fibrillation and flutter ||  || ,TRUE,igd,,,,,,,,ukb-b-19703,5,153550877,0.0115301,8e-07,64949,Low-calorie drink intake ASB,TRUE,reported,igd,2,1,TRUE,24.3664303826578
rs9657638,C,T,C,T,-0.0280358,-0.0293,0.49807,0.478,FALSE,FALSE,FALSE,finn-b-I9_AF,9,9701354,0.0149,,0.0492006,finn-b-I9_AF,Atrial fibrillation and flutter,Atrial fibrillation and flutter ||  || ,TRUE,igd,,,,,,,,ukb-b-19703,9,9701354,0.00539776,2.1e-07,64949,Low-calorie drink intake ASB,TRUE,reported,igd,2,1,TRUE,26.9773176113259
