exposure,outcome,id.exposure,id.outcome,samplesize,SNP,b,se,p
Fizzy drink intake SSB,ebi-a-GCST006061,ukb-b-2832,ebi-a-GCST006061,537409,rs111648181,-0.446740728248565,0.166713089047002,0.00736886125862023
Fizzy drink intake SSB,ebi-a-GCST006061,ukb-b-2832,ebi-a-GCST006061,537409,rs116117330,-0.288115174421955,0.220689865922123,0.191715624545061
Fizzy drink intake SSB,ebi-a-GCST006061,ukb-b-2832,ebi-a-GCST006061,537409,rs2212808,-0.246433617938069,0.222944910909358,0.269005122459416
Fizzy drink intake SSB,ebi-a-GCST006061,ukb-b-2832,ebi-a-GCST006061,537409,rs35421650,-0.229777867619201,0.216835567174482,0.289286943495719
Fizzy drink intake SSB,ebi-a-GCST006061,ukb-b-2832,ebi-a-GCST006061,537409,rs6819167,-0.256444847656218,0.231029231833448,0.266994549426175
Fizzy drink intake SSB,ebi-a-GCST006061,ukb-b-2832,ebi-a-GCST006061,537409,rs6920614,-0.30089316459103,0.226288875119456,0.183621727030037
Fizzy drink intake SSB,ebi-a-GCST006061,ukb-b-2832,ebi-a-GCST006061,537409,rs78236863,-0.290307659137223,0.222364214661189,0.191705543390317
Fizzy drink intake SSB,ebi-a-GCST006061,ukb-b-2832,ebi-a-GCST006061,537409,rs949734,-0.205406270277377,0.212828134595834,0.334480990232532
Fizzy drink intake SSB,ebi-a-GCST006061,ukb-b-2832,ebi-a-GCST006061,537409,All,-0.284023203153332,0.195582513057847,0.14644845055824
