locus,outcome,p12,nsnps,PP.H3,PP.H4
FTO,FinnGenR11,5e-06,3310,0.129825235670817,0.870173418547118
FTO,FinnGenR11,5e-05,3310,0.0147001463384635,0.985299701278277
FTO,Nielsen2018,5e-06,3302,0.144194557121065,0.816544121001444
FTO,Nielsen2018,5e-05,3302,0.0172710904906018,0.978026333653102
TMEM18,FinnGenR11,5e-06,3967,0.300285693972432,0.684752833696971
TMEM18,FinnGenR11,5e-05,3967,0.0419230916612183,0.955988126926638
TMEM18,Nielsen2018,5e-06,3965,0.394850567850077,0.542263785110427
TMEM18,Nielsen2018,5e-05,3965,0.0671471854373167,0.922158656957445
CYP1A1_CYP1A2,FinnGenR11,5e-06,1773,0.503009722533513,0.0013145533404546
CYP1A1_CYP1A2,FinnGenR11,5e-05,1773,0.497128208608185,0.0129918273541236
CYP1A1_CYP1A2,Nielsen2018,5e-06,1131,0.0349424976462798,0.0025590908956433
CYP1A1_CYP1A2,Nielsen2018,5e-05,1131,0.0341558268564056,0.0250147732501035
AHR,FinnGenR11,5e-06,3914,0.166335788062362,0.0557963671537869
AHR,FinnGenR11,5e-05,3914,0.110730534193438,0.371439099965402
AHR,Nielsen2018,5e-06,3908,0.53168502415839,0.0020986382521378
AHR,Nielsen2018,5e-05,3908,0.521828854207796,0.0205973451338646
PCMTD2,FinnGenR11,5e-06,1727,0.153190861485439,0.422814971187564
PCMTD2,FinnGenR11,5e-05,1727,0.0318793319825007,0.879886613532819
PCMTD2,Nielsen2018,5e-06,1676,0.0457912011707743,0.0020173141999435
PCMTD2,Nielsen2018,5e-05,1676,0.0449746491848319,0.0198134130833736
