locus,outcome,nsnps,PP.H0,PP.H1,PP.H2,PP.H3,PP.H4,top_snp,top_SNP.PP.H4,note
FTO,FinnGenR11,3310,5.905537462199389e-30,7.1960281875458e-07,5.7733380261369805e-25,0.0694188220104601,0.930580458386717,rs9940128,0.0600032355956408,
FTO,Nielsen2018,3302,1.7737219478155401e-25,0.0216131947600849,6.58810459784907e-25,0.0793785052914499,0.899008299948463,rs17817964,0.0701873775224534,
TMEM18,FinnGenR11,3967,5.01027274373927e-12,0.0088805146088613,1.01017788183631e-10,0.178237239294915,0.812882245990197,rs6739303,0.0207824440324996,
TMEM18,Nielsen2018,3965,2.3004675224684597e-11,0.040774896867681,1.44840019090064e-10,0.256020125520749,0.703204977443724,rs13387939,0.017199764999953,
CYP1A1_CYP1A2,FinnGenR11,1773,1.21444920728422e-135,0.495024987375278,1.23242459126013e-135,0.502349357507542,0.0026256551172041,rs2472297,1.0,
CYP1A1_CYP1A2,Nielsen2018,1131,2.3552785472452e-135,0.960041577796881,8.55184474668649e-137,0.0348533048710996,0.0051051173320009,rs2472297,1.0,
AHR,FinnGenR11,3914,1.8070833123453702e-113,0.736759349609097,3.8667787367508096e-114,0.157545330934195,0.105695319456731,rs4410790,0.981022277732402,
AHR,Nielsen2018,3908,1.1411153199555401e-113,0.465239967197892,1.30136734197595e-113,0.530571546415562,0.0041884863865262,rs4410790,0.967687799112485,
PCMTD2,FinnGenR11,1727,4.68854281864627e-05,0.297932778351532,1.70370654425437e-05,0.107667451205955,0.594335847948884,rs6062357,0.132954525493393,
PCMTD2,Nielsen2018,1676,0.0002158617394923,0.950048236433638,1.03842489182179e-05,0.0456990119051347,0.0040265056728171,rs6062682,0.169668832668703,
