rsid,total_hits,top1,top2
rs780093,1049,Lipids (360),Other (218)
rs34060476,581,Lipids (264),Glycaemic / diabetes (88)
rs1421085,440,Adiposity / body composition (155),Other (144)
rs476828,239,Adiposity / body composition (133),Other (50)
rs9398171,162,Adiposity / body composition (73),Other (49)
rs13387939,153,Adiposity / body composition (99),Other (33)
rs2189234,135,Other (48),Adiposity / body composition (42)
rs516636,135,Adiposity / body composition (113),Other (16)
rs13163336,128,Adiposity / body composition (77),Other (33)
rs2472297,120,Kidney / liver function (27),Other (27)
rs1338549,110,Other (63),Adiposity / body composition (33)
rs56113850,85,Lipids (34),Smoking / alcohol (19)
rs4410790,85,Kidney / liver function (36),Other (20)
rs2107308,74,Blood cell traits (32),Gene expression (eQTL) (14)
rs7224815,68,Blood cell traits (22),Other (22)
rs1057868,67,Blood cell traits (27),Kidney / liver function (15)
rs13054099,46,Other (16),Blood cell traits (14)
rs7811609,46,Blood cell traits (29),Kidney / liver function (5)
rs2465037,30,Adiposity / body composition (17),Other (11)
rs75347775,23,Adiposity / body composition (15),Other (5)
rs442355,22,Other (19),Height / growth (2)
rs4615895,21,Adiposity / body composition (20),Coffee / caffeine related (1)
rs57918684,10,Blood cell traits (6),Height / growth (2)
rs61928609,9,Gene expression (eQTL) (6),Other (2)
rs6062682,8,Kidney / liver function (4),Coffee / caffeine related (2)
rs6063085,8,Other (5),Adiposity / body composition (1)
rs117810762,7,Gene expression (eQTL) (3),Other (3)
rs12989746,6,Other (5),Coffee / caffeine related (1)
rs17842490,5,Gene expression (eQTL) (3),Coffee / caffeine related (2)
rs73075167,4,Kidney / liver function (2),Coffee / caffeine related (1)
rs6469262,4,Gene expression (eQTL) (3),Coffee / caffeine related (1)
rs117968677,4,Gene expression (eQTL) (3),Coffee / caffeine related (1)
rs12514566,4,Other (3),Coffee / caffeine related (1)
rs1527961,4,Gene expression (eQTL) (2),Coffee / caffeine related (1)
rs1942965,3,Other (2),Coffee / caffeine related (1)
rs8056750,3,Gene expression (eQTL) (2),Coffee / caffeine related (1)
rs2597805,2,Coffee / caffeine related (1),Gene expression (eQTL) (1)
rs10119174,1,Coffee / caffeine related (1),— (0)
rs630194,1,Coffee / caffeine related (1),— (0)
rs78267637,1,Coffee / caffeine related (1),— (0)
