rsid,Adiposity / body composition,Blood cell traits,Blood pressure,Coffee / caffeine related,Gene expression (eQTL),Glycaemic / diabetes,Height / growth,Kidney / liver function,Lipids,Other,Sleep / chronotype,Smoking / alcohol,total_hits
rs780093,91,120,0,1,13,158,12,66,360,218,2,8,1049
rs34060476,72,62,0,2,0,88,2,30,264,60,0,1,581
rs1421085,155,23,14,2,0,49,1,22,17,144,11,2,440
rs476828,133,3,3,2,0,16,12,4,14,50,0,2,239
rs9398171,73,13,2,1,5,0,10,9,0,49,0,0,162
rs13387939,99,0,7,1,1,7,1,0,0,33,0,4,153
rs2189234,42,24,0,1,1,0,13,4,2,48,0,0,135
rs516636,113,0,0,1,0,3,1,0,1,16,0,0,135
rs13163336,77,12,1,1,2,2,0,0,0,33,0,0,128
rs2472297,17,19,5,9,11,0,2,27,0,27,0,3,120
rs1338549,33,0,7,2,0,0,2,0,0,63,0,3,110
rs56113850,0,0,0,2,4,4,0,10,34,12,0,19,85
rs4410790,2,2,0,10,1,8,0,36,3,20,0,3,85
rs2107308,7,32,1,1,14,0,0,8,2,9,0,0,74
rs7224815,8,22,0,1,10,4,1,0,0,22,0,0,68
rs1057868,0,27,0,3,6,4,0,15,3,9,0,0,67
rs13054099,0,14,0,1,13,1,0,1,0,16,0,0,46
rs7811609,4,29,0,1,2,0,0,5,0,3,2,0,46
rs2465037,17,0,0,1,0,0,0,1,0,11,0,0,30
rs75347775,15,0,0,1,2,0,0,0,0,5,0,0,23
rs442355,0,0,0,1,0,0,2,0,0,19,0,0,22
rs4615895,20,0,0,1,0,0,0,0,0,0,0,0,21
rs57918684,0,6,0,1,0,0,2,0,0,1,0,0,10
rs61928609,0,0,0,1,6,0,0,0,0,2,0,0,9
rs6062682,0,0,0,2,1,0,0,4,0,1,0,0,8
rs6063085,1,0,0,1,1,0,0,0,0,5,0,0,8
rs117810762,0,0,0,1,3,0,0,0,0,3,0,0,7
rs12989746,0,0,0,1,0,0,0,0,0,5,0,0,6
rs17842490,0,0,0,2,3,0,0,0,0,0,0,0,5
rs73075167,0,0,0,1,0,0,0,2,0,1,0,0,4
rs6469262,0,0,0,1,3,0,0,0,0,0,0,0,4
rs117968677,0,0,0,1,3,0,0,0,0,0,0,0,4
rs12514566,0,0,0,1,0,0,0,0,0,3,0,0,4
rs1527961,0,0,0,1,2,0,0,0,1,0,0,0,4
rs1942965,0,0,0,1,0,0,0,0,0,2,0,0,3
rs8056750,0,0,0,1,2,0,0,0,0,0,0,0,3
rs2597805,0,0,0,1,1,0,0,0,0,0,0,0,2
rs1157821370,0,0,0,0,0,0,0,0,0,1,0,0,1
rs10119174,0,0,0,1,0,0,0,0,0,0,0,0,1
rs630194,0,0,0,1,0,0,0,0,0,0,0,0,1
rs78267637,0,0,0,1,0,0,0,0,0,0,0,0,1
