"SNP","RSSobs","Pvalue"
"rs13387939",0.0011743552515789,"<0.0195"
"rs1421085",0.000720897138589507,"<0.0195"
"rs2107308",0.000621599413307664,"0.0975"
"rs7224815",0.000358372771986112,"0.1755"
"rs2472297",0.000387065701332536,"0.3705"
"rs1057868",3.35424300738781e-05,"1"
"rs117810762",0.000504030909949825,"1"
"rs117968677",0.000733201142347412,"1"
"rs12514566",1.60227067374335e-06,"1"
"rs12989746",2.39507421827076e-05,"1"
"rs13054099",2.80499447117737e-07,"1"
"rs13163336",3.07481337480879e-05,"1"
"rs1338549",0.000144147039371011,"1"
"rs1527961",0.000310816898764346,"1"
"rs17842490",0.000473544908386787,"1"
"rs1942965",3.86693580969753e-05,"1"
"rs2189234",0.000107475166714136,"1"
"rs2465037",8.71420553311872e-05,"1"
"rs2597805",4.42990819341561e-07,"1"
"rs34060476",4.91738200860943e-05,"1"
"rs4410790",4.9867634801052e-06,"1"
"rs442355",2.07323492365427e-05,"1"
"rs4615895",4.76509860083254e-05,"1"
"rs476828",0.00013785892560205,"1"
"rs516636",2.66505464030726e-05,"1"
"rs56113850",0.00011025207917447,"1"
"rs57918684",0.000208164575684675,"1"
"rs6062682",5.10279909130405e-05,"1"
"rs6063085",5.79648200559463e-07,"1"
"rs61928609",1.73276880143969e-05,"1"
"rs630194",1.39663372416971e-06,"1"
"rs6469262",2.55360946975926e-05,"1"
"rs73075167",0.000318156703116399,"1"
"rs75347775",3.62518295552297e-05,"1"
"rs780093",3.85908115847783e-06,"1"
"rs7811609",6.90209151323324e-06,"1"
"rs78267637",0.000656443349644288,"1"
"rs8056750",0.000245283005656187,"1"
"rs9398171",7.49030875086323e-05,"1"
